Open time,Open,High,Low,Close,Volume,Close time,Quote asset volume,Number of trades,Taker buy base asset volume,Taker buy quote asset volume,Ignore
1587945600000,5.493e-05,0.00016299999999999998,5.493e-05,8.065e-05,24684238.0,1587988799999,2197.71789903,52011,12015958.0,1071.65140768,0
1587988800000,8.09e-05,8.09e-05,5.524e-05,5.742e-05,18655065.0,1588031999999,1219.33029844,41070,8589134.0,561.03839342,0
1588032000000,5.742e-05,6.475e-05,5.68e-05,5.824e-05,8683765.0,1588075199999,526.2469348000002,21608,4027147.0,244.90986757,0
1588075200000,5.824e-05,5.838e-05,5.484e-05,5.698e-05,4553252.0,1588118399999,257.12588842,14759,2024022.0,114.3876898,0
1588118400000,5.7e-05,6.087e-05,5.035e-05,5.745e-05,7679519.0,1588161599999,420.49709203,24110,4070669.0,223.61143951,0
1588161600000,5.768e-05,6.181e-05,4.842e-05,5.071e-05,7648432.0,1588204799999,414.7685078,24139,3502381.0,191.33880473,0
1588204800000,5.07e-05,5.51e-05,4.791e-05,4.934e-05,4168271.0,1588247999999,212.06206859,13932,1889623.0,96.76281576,0
1588248000000,4.947e-05,5.233e-05,4.84e-05,4.853e-05,2146639.0,1588291199999,107.14844299,7498,1069197.0,53.52395179,0
1588291200000,4.853e-05,4.867e-05,4.441e-05,4.546e-05,2904869.0,1588334399999,135.50267337,8947,1177909.0,54.9567364,0
1588334400000,4.531e-05,4.629e-05,4.138e-05,4.2100000000000014e-05,3545675.0,1588377599999,155.12504574,9929,1248387.0,54.59655608,0
1588377600000,4.211e-05,4.44e-05,4.132e-05,4.209e-05,1985379.0,1588420799999,85.20125354,4922,848972.0,36.45633909,0
1588420800000,4.208e-05,4.235e-05,3.766e-05,3.77e-05,3217392.0,1588463999999,127.36978414,8536,1197244.0,47.36951543,0
1588464000000,3.77e-05,3.905e-05,3.620000000000001e-05,3.733e-05,1984426.0,1588507199999,74.58061723,5268,1061002.0,39.94530293,0
1588507200000,3.733e-05,4.931e-05,3.462e-05,4.573e-05,14546757.0,1588550399999,615.10332623,33740,7489999.0,317.83839527,0
1588550400000,4.558e-05,4.803e-05,4.22e-05,4.42e-05,8561920.0,1588593599999,383.95874088,21756,4058933.0,182.22801136,0
1588593600000,4.42e-05,5.387e-05,4.419e-05,4.764e-05,16817867.0,1588636799999,824.65768241,43443,8394192.0,412.30543067,0
1588636800000,4.776e-05,4.906e-05,4.403e-05,4.535e-05,4211271.0,1588679999999,192.65163939,15861,1896917.0,86.81903357,0
1588680000000,4.535e-05,4.934e-05,4.406e-05,4.433e-05,3923576.0,1588723199999,181.11853325,15637,1745147.0,80.93513444,0
1588723200000,4.433e-05,4.469e-05,4.16e-05,4.196e-05,1751684.0,1588766399999,75.97211114,10989,766357.0,33.3405822,0
1588766400000,4.195e-05,4.427e-05,3.869e-05,4.061e-05,2878961.0,1588809599999,118.47680527,10767,1130336.0,46.82864693,0
1588809600000,4.051e-05,4.067e-05,3.803e-05,3.933e-05,889776.0,1588852799999,34.6588639,3472,383763.0,14.9687346,0
1588852800000,3.931e-05,4.053e-05,3.613e-05,3.615e-05,2137920.0,1588895999999,81.68707171,7415,1008391.0,38.60685401,0
1588896000000,3.615e-05,3.839e-05,3.615e-05,3.821e-05,632604.0,1588939199999,23.54330949,2265,308095.0,11.50031439,0
1588939200000,3.817e-05,3.987e-05,3.599e-05,3.69e-05,1169096.0,1588982399999,43.55334471,4835,496448.0,18.49139207,0
1588982400000,3.706e-05,3.788e-05,3.658e-05,3.77e-05,509478.0,1589025599999,19.03288655,2269,262467.0,9.81954403,0
1589025600000,3.756e-05,3.876e-05,3.6e-05,3.671e-05,1213466.0,1589068799999,45.12103405,4674,506451.0,18.90824887,0
1589068800000,3.671e-05,3.822e-05,3.585e-05,3.706e-05,1193016.0,1589111999999,44.12972214,6136,695972.0,25.83775093,0
1589112000000,3.706e-05,3.829e-05,3.48e-05,3.503e-05,1277937.0,1589155199999,46.59824638,7855,535322.0,19.5630667,0
1589155200000,3.508e-05,4.117e-05,3.506e-05,3.787e-05,3059869.0,1589198399999,119.14026092,12423,1491763.0,58.11016406,0
1589198400000,3.786e-05,3.993e-05,3.620000000000001e-05,3.725e-05,2088411.0,1589241599999,78.52949937,11891,959950.0,36.24914274,0
1589241600000,3.725e-05,3.79e-05,3.667e-05,3.721e-05,859718.0,1589284799999,32.02396793,3165,419000.0,15.62603743,0
1589284800000,3.721e-05,3.832e-05,3.601e-05,3.655e-05,898559.0,1589327999999,33.11759445,5309,420454.0,15.56682089,0
1589328000000,3.669e-05,3.682e-05,3.595e-05,3.596e-05,270374.0,1589371199999,9.83590539,1579,136061.0,4.9605047,0
1589371200000,3.594e-05,3.637e-05,3.4200000000000005e-05,3.475e-05,1453456.0,1589414399999,51.38415429,6828,513803.0,18.15532664,0
1589414400000,3.47e-05,3.505e-05,3.2299999999999986e-05,3.311e-05,458603.0,1589457599999,15.49281357,3259,172774.0,5.82687752,0
1589457600000,3.314e-05,3.536e-05,3.264e-05,3.383e-05,724453.0,1589500799999,24.71588697,4440,303321.0,10.35132544,0
1589500800000,3.379e-05,3.468e-05,3.317e-05,3.408e-05,402419.0,1589543999999,13.57521164,2656,131300.0,4.44930113,0
1589544000000,3.407e-05,3.476e-05,3.321e-05,3.374e-05,450859.0,1589587199999,15.33568338,2986,181685.0,6.19215149,0
1589587200000,3.374e-05,3.383e-05,3.261e-05,3.346e-05,388227.0,1589630399999,12.9130747,2630,140534.0,4.67676109,0
1589630400000,3.35e-05,3.366e-05,3.263e-05,3.279e-05,509953.0,1589673599999,16.89098801,3067,210150.0,6.97085898,0
1589673600000,3.275e-05,3.314e-05,3.12e-05,3.275e-05,820977.0,1589716799999,26.31181969,2945,440164.0,14.06780102,0
1589716800000,3.274e-05,3.7e-05,3.168e-05,3.664e-05,2418814.0,1589759999999,82.24120493,9169,1130846.0,38.38896937,0
1589760000000,3.645e-05,3.672e-05,3.299e-05,3.375e-05,2617432.0,1589803199999,89.87871702,9297,1096785.0,37.71210772,0
1589803200000,3.376e-05,3.44e-05,3.306e-05,3.322e-05,835556.0,1589846399999,28.13877769,3235,371364.0,12.54017402,0
1589846400000,3.322e-05,3.716e-05,3.223e-05,3.292e-05,6199358.0,1589889599999,210.75332548,15384,3158823.0,107.65941345,0
1589889600000,3.2899999999999987e-05,3.336e-05,3.228e-05,3.2299999999999986e-05,2059224.0,1589932799999,67.54697931,6028,1064442.0,34.94509779999999,0
1589932800000,3.2299999999999986e-05,3.46e-05,3.222e-05,3.286e-05,2958312.0,1589975999999,98.90768813,7479,1315869.0,44.02716247,0
1589976000000,3.297e-05,3.389e-05,3.272e-05,3.348e-05,1398331.0,1590019199999,46.61875948,4374,699263.0,23.31707222,0
1590019200000,3.347e-05,3.378e-05,3.2899999999999987e-05,3.322e-05,1037479.0,1590062399999,34.61034318,3390,470986.0,15.73881692,0
1590062400000,3.319e-05,3.369e-05,3.176e-05,3.253e-05,1393931.0,1590105599999,45.44348626,5582,710205.0,23.18707255,0
1590105600000,3.253e-05,3.266e-05,3.178e-05,3.209e-05,920902.0,1590148799999,29.61228779,3317,358641.0,11.55413782,0
1590148800000,3.198e-05,3.319e-05,3.191e-05,3.247e-05,1067916.0,1590191999999,34.70733496,3833,499865.0,16.27296063,0
1590192000000,3.247e-05,3.293e-05,3.189e-05,3.204e-05,986020.0,1590235199999,31.80964404,2719,320438.0,10.33928225,0
1590235200000,3.215e-05,3.253e-05,3.178e-05,3.2e-05,1016076.0,1590278399999,32.60973654,2406,320902.0,10.32211135,0
1590278400000,3.201e-05,3.246e-05,3.145e-05,3.246e-05,1128315.0,1590321599999,36.08978959,2978,332994.0,10.6542442,0
1590321600000,3.237e-05,3.242e-05,3.019e-05,3.054e-05,2010453.0,1590364799999,63.0706568,5163,897338.0,28.17103171,0
1590364800000,3.055e-05,3.162e-05,3e-05,3.075e-05,1890659.0,1590407999999,57.72311855,4306,758433.0,23.25062482,0
1590408000000,3.09e-05,3.311e-05,3.05e-05,3.1e-05,4077689.0,1590451199999,129.66105838,10480,1905047.0,60.70735985,0
1590451200000,3.094e-05,3.122e-05,3.024e-05,3.067e-05,2174738.0,1590494399999,66.62499159,5349,818293.0,25.08490785,0
1590494400000,3.075e-05,3.2e-05,3.041e-05,3.075e-05,3488858.0,1590537599999,108.88930194,9980,1472205.0,46.15961318,0
1590537600000,3.073e-05,3.194e-05,3.022e-05,3.045e-05,2419866.0,1590580799999,75.29928973,7171,919531.0,28.71601883,0
1590580800000,3.045e-05,3.074e-05,3e-05,3.007e-05,1366819.0,1590623999999,41.42745596,3012,600902.0,18.23951391,0
1590624000000,3.002e-05,3.021e-05,2.941e-05,2.962e-05,1327057.0,1590667199999,39.57844447,3063,592540.0,17.66853901,0
1590667200000,2.953e-05,3.12e-05,2.77e-05,2.838e-05,1916746.0,1590710399999,55.37036246,4671,900654.0,26.10580614,0
1590710400000,2.838e-05,2.868e-05,2.814e-05,2.859e-05,754426.0,1590753599999,21.42863212,1758,446326.0,12.68360283,0
1590753600000,2.8600000000000007e-05,2.908e-05,2.84e-05,2.865e-05,833540.0,1590796799999,23.88691492,2132,290077.0,8.33331764,0
1590796800000,2.864e-05,2.873e-05,2.732e-05,2.761e-05,1074773.0,1590839999999,29.86036126,2778,392528.0,10.90398265,0
1590840000000,2.765e-05,2.823e-05,2.642e-05,2.6600000000000006e-05,1219981.0,1590883199999,33.4163843,3034,476903.0,13.10074754,0
1590883200000,2.663e-05,2.708e-05,2.651e-05,2.679e-05,630854.0,1590926399999,16.91795933,1612,327308.0,8.78926559,0
1590926400000,2.669e-05,2.698e-05,2.475e-05,2.484e-05,1459617.0,1590969599999,37.79332139,3559,600957.0,15.53827597,0
1590969600000,2.484e-05,2.561e-05,2.481e-05,2.533e-05,858716.0,1591012799999,21.66886648,1842,485637.0,12.27038612,0
1591012800000,2.535e-05,2.84e-05,2.504e-05,2.518e-05,3806346.0,1591055999999,103.17244917,9062,1766603.0,47.79858763,0
1591056000000,2.519e-05,2.581e-05,2.484e-05,2.501e-05,1087179.0,1591099199999,27.49256831,2523,498101.0,12.60050464,0
1591099200000,2.51e-05,2.606e-05,2.444e-05,2.555e-05,1568009.0,1591142399999,39.44510904,3599,835923.0,20.98403619,0
1591142400000,2.555e-05,2.59e-05,2.53e-05,2.538e-05,568531.0,1591185599999,14.52415043,1604,280963.0,7.18944086,0
1591185600000,2.532e-05,2.657e-05,2.523e-05,2.555e-05,1164427.0,1591228799999,30.09780538,3129,499408.0,12.94020037,0
1591228800000,2.555e-05,2.644e-05,2.538e-05,2.591e-05,882495.0,1591271999999,22.81072892,2506,447048.0,11.57096062,0
1591272000000,2.599e-05,2.725e-05,2.564e-05,2.692e-05,1400243.0,1591315199999,36.83950114,4273,727396.0,19.16232473,0
1591315200000,2.692e-05,2.759e-05,2.633e-05,2.702e-05,1134879.0,1591358399999,30.65739678,4717,592714.0,16.03794772,0
1591358400000,2.703e-05,2.759e-05,2.675e-05,2.695e-05,767191.0,1591401599999,20.8035977,2875,396301.0,10.76500937,0
1591401600000,2.704e-05,2.715e-05,2.6e-05,2.631e-05,547887.0,1591444799999,14.42144866,2812,273157.0,7.20046524,0
1591444800000,2.632e-05,2.654e-05,2.597e-05,2.612e-05,443794.0,1591487999999,11.64369843,1946,204886.0,5.38597905,0
1591488000000,2.616e-05,2.695e-05,2.585e-05,2.643e-05,774405.0,1591531199999,20.58499465,3564,277751.0,7.37827648,0
1591531200000,2.64e-05,2.668e-05,2.569e-05,2.573e-05,492527.0,1591574399999,12.89229748,2648,197355.0,5.17709371,0
1591574400000,2.581e-05,2.657e-05,2.57e-05,2.579e-05,417075.0,1591617599999,10.79693079,1984,154409.0,4.010374,0
1591617600000,2.578e-05,2.615e-05,2.56e-05,2.561e-05,552587.0,1591660799999,14.289052800000002,2227,266614.0,6.90240428,0
1591660800000,2.56e-05,2.626e-05,2.552e-05,2.581e-05,569490.0,1591703999999,14.78429189,2206,235991.0,6.12164375,0
1591704000000,2.578e-05,2.607e-05,2.555e-05,2.565e-05,362550.0,1591747199999,9.33801165,1663,159487.0,4.108288,0
1591747200000,2.565e-05,2.6e-05,2.529e-05,2.548e-05,525589.0,1591790399999,13.40856529,1805,192059.0,4.90941613,0
1591790400000,2.544e-05,2.559e-05,2.487e-05,2.506e-05,659753.0,1591833599999,16.64068634,1810,271327.0,6.86191817,0
1591833600000,2.506e-05,2.663e-05,2.472e-05,2.607e-05,4068545.0,1591876799999,105.68912472,8443,1447437.0,37.64229634,0
1591876800000,2.601e-05,2.794e-05,2.568e-05,2.642e-05,4084680.0,1591919999999,109.12646983,13646,2035801.0,54.41033101,0
1591920000000,2.642e-05,2.682e-05,2.568e-05,2.639e-05,1653081.0,1591963199999,43.22786513,4705,618718.0,16.18294877,0
1591963200000,2.631e-05,2.75e-05,2.6e-05,2.691e-05,1264635.0,1592006399999,33.6896208,3856,599100.0,15.99449818,0
1592006400000,2.689e-05,2.719e-05,2.641e-05,2.701e-05,1188016.0,1592049599999,31.71441649,3539,540780.0,14.44688812,0
1592049600000,2.7e-05,2.79e-05,2.669e-05,2.75e-05,1537568.0,1592092799999,41.93704876,4975,712046.0,19.43388198,0
1592092800000,2.751e-05,2.95e-05,2.744e-05,2.865e-05,3330406.0,1592135999999,95.12380619,8818,1728894.0,49.41040154,0
1592136000000,2.865e-05,2.873e-05,2.701e-05,2.709e-05,1503323.0,1592179199999,42.16899938,4783,583645.0,16.40424487,0
1592179200000,2.709e-05,2.751e-05,2.619e-05,2.711e-05,1854124.0,1592222399999,49.98184621,5448,952228.0,25.68056279,0
1592222400000,2.711e-05,2.732e-05,2.625e-05,2.673e-05,1093440.0,1592265599999,29.18720973,3501,403186.0,10.76827781,0
1592265600000,2.673e-05,2.681e-05,2.601e-05,2.653e-05,700136.0,1592308799999,18.47756879,2322,312278.0,8.25060741,0
1592308800000,2.653e-05,2.699e-05,2.628e-05,2.681e-05,777630.0,1592351999999,20.67683684,2655,326650.0,8.7004957,0
1592352000000,2.681e-05,2.741e-05,2.637e-05,2.709e-05,1048270.0,1592395199999,28.25944246,3258,473926.0,12.78834205,0
1592395200000,2.709e-05,2.738e-05,2.648e-05,2.665e-05,800481.0,1592438399999,21.44430378,2520,370938.0,9.95361044,0
1592438400000,2.661e-05,2.685e-05,2.616e-05,2.653e-05,927820.0,1592481599999,24.58610476,2260,511351.0,13.55484163,0
1592481600000,2.653e-05,2.655e-05,2.58e-05,2.618e-05,1136129.0,1592524799999,29.62120818,3694,506715.0,13.22292666,0
1592524800000,2.616e-05,2.629e-05,2.57e-05,2.577e-05,624465.0,1592567999999,16.23944794,2108,200946.0,5.22717019,0
1592568000000,2.578e-05,2.606e-05,2.561e-05,2.599e-05,600053.0,1592611199999,15.51419845,1552,355643.0,9.20388549,0
1592611200000,2.591e-05,2.696e-05,2.588e-05,2.6e-05,1359427.0,1592654399999,35.88818734,4466,535334.0,14.1601904,0
1592654400000,2.599e-05,2.759e-05,2.591e-05,2.702e-05,4324547.0,1592697599999,116.38025969,8965,1681377.0,45.28354355,0
1592697600000,2.704e-05,2.747e-05,2.649e-05,2.672e-05,1922452.0,1592740799999,51.58881579,4604,684807.0,18.39558749,0
1592740800000,2.672e-05,2.698e-05,2.62e-05,2.695e-05,1733159.0,1592783999999,46.15241521,4532,767292.0,20.47545031,0
1592784000000,2.687e-05,2.7e-05,2.607e-05,2.616e-05,1215396.0,1592827199999,32.13175689,3008,442575.0,11.7376664,0
1592827200000,2.616e-05,2.633e-05,2.52e-05,2.579e-05,1260502.0,1592870399999,32.57323632,3258,559050.0,14.46444327,0
1592870400000,2.571e-05,2.602e-05,2.548e-05,2.562e-05,794293.0,1592913599999,20.42241511,1899,309598.0,7.9666925000000015,0
1592913600000,2.562e-05,2.624e-05,2.549e-05,2.585e-05,1231585.0,1592956799999,31.74213946,2832,591711.0,15.25510395,0
1592956800000,2.585e-05,2.632e-05,2.53e-05,2.564e-05,1100348.0,1592999999999,28.25882419,3668,473811.0,12.19251811,0
1593000000000,2.564e-05,2.672e-05,2.553e-05,2.586e-05,1789809.0,1593043199999,46.53902463,4854,778490.0,20.24178885,0
1593043200000,2.587e-05,2.626e-05,2.518e-05,2.561e-05,1039387.0,1593086399999,26.59777536,3055,468578.0,12.02637059,0
1593086400000,2.562e-05,2.603e-05,2.52e-05,2.553e-05,1010003.0,1593129599999,25.79781716,2568,409164.0,10.47254799,0
1593129600000,2.554e-05,2.594e-05,2.318e-05,2.4100000000000006e-05,2506168.0,1593172799999,61.44178539999999,5673,1010452.0,24.71047242,0
1593172800000,2.411e-05,2.455e-05,2.386e-05,2.391e-05,1094902.0,1593215999999,26.49420687,2703,690231.0,16.71373494,0
1593216000000,2.388e-05,2.46e-05,2.33e-05,2.406e-05,788992.0,1593259199999,18.8912665,2157,472653.0,11.33368154,0
1593259200000,2.404e-05,2.4100000000000006e-05,2.233e-05,2.286e-05,1930629.0,1593302399999,44.62799837,3355,1244716.0,28.74135831,0
1593302400000,2.286e-05,2.423e-05,2.2e-05,2.345e-05,513722.0,1593345599999,11.71673422,1352,214479.0,4.89865864,0
1593345600000,2.345e-05,2.355e-05,2.26e-05,2.267e-05,591159.0,1593388799999,13.699462300000002,1378,224210.0,5.21714689,0
1593388800000,2.269e-05,2.494e-05,2.269e-05,2.45e-05,1680544.0,1593431999999,40.71114279,4463,695297.0,16.85793448,0
1593432000000,2.45e-05,2.535e-05,2.385e-05,2.435e-05,1369693.0,1593475199999,33.81485651,3615,506010.0,12.51787737,0
1593475200000,2.435e-05,2.447e-05,2.366e-05,2.423e-05,561971.0,1593518399999,13.57263234,1717,226811.0,5.47693482,0
1593518400000,2.425e-05,2.43e-05,2.364e-05,2.383e-05,519937.0,1593561599999,12.4341357,1201,217794.0,5.21603761,0
1593561600000,2.383e-05,2.394e-05,2.351e-05,2.368e-05,168251.0,1593604799999,3.98549527,503,47624.0,1.12985399,0
1593604800000,2.365e-05,2.386e-05,2.302e-05,2.322e-05,816664.0,1593647999999,19.12282973,1369,404751.0,9.45620398,0
1593648000000,2.326e-05,2.333e-05,2.264e-05,2.266e-05,407769.0,1593691199999,9.33419049,1116,134553.0,3.08356729,0
1593691200000,2.268e-05,2.299e-05,2.25e-05,2.284e-05,513499.0,1593734399999,11.63598892,1396,291166.0,6.6012247,0
1593734400000,2.286e-05,2.315e-05,2.282e-05,2.291e-05,179443.0,1593777599999,4.11770033,558,93864.0,2.15615481,0
1593777600000,2.291e-05,2.295e-05,2.27e-05,2.29e-05,184922.0,1593820799999,4.22012056,497,88419.0,2.02020344,0
1593820800000,2.29e-05,2.357e-05,2.272e-05,2.356e-05,441479.0,1593863999999,10.18249314,1205,244313.0,5.6545855000000005,0
1593864000000,2.357e-05,2.389e-05,2.294e-05,2.303e-05,828280.0,1593907199999,19.42707934,2107,390356.0,9.17042161,0
1593907200000,2.312e-05,2.317e-05,2.258e-05,2.281e-05,653539.0,1593950399999,14.95587288,1425,352860.0,8.08861324,0
1593950400000,2.277e-05,2.294e-05,2.26e-05,2.281e-05,203568.0,1593993599999,4.63586777,684,98604.0,2.24858828,0
1593993600000,2.281e-05,2.324e-05,2.27e-05,2.293e-05,473769.0,1594036799999,10.86466611,1309,234849.0,5.39619466,0
1594036800000,2.288e-05,2.46e-05,2.27e-05,2.4e-05,1538593.0,1594079999999,36.5094629,4398,654727.0,15.51239321,0
1594080000000,2.4e-05,2.404e-05,2.326e-05,2.364e-05,553004.0,1594123199999,13.08957629,1686,218812.0,5.1779205,0
1594123200000,2.364e-05,2.399e-05,2.325e-05,2.339e-05,345634.0,1594166399999,8.15018409,1324,125151.0,2.95417094,0
1594166400000,2.336e-05,2.37e-05,2.315e-05,2.348e-05,584684.0,1594209599999,13.65818279,1356,267212.0,6.25069237,0
1594209600000,2.342e-05,2.35e-05,2.3e-05,2.311e-05,566776.0,1594252799999,13.15452067,1226,176360.0,4.10370716,0
1594252800000,2.318e-05,2.394e-05,2.311e-05,2.366e-05,858393.0,1594295999999,20.21087474,3046,471419.0,11.11870582,0
1594296000000,2.366e-05,2.386e-05,2.315e-05,2.36e-05,483682.0,1594339199999,11.3922638,1726,249744.0,5.89255195,0
1594339200000,2.361e-05,2.495e-05,2.355e-05,2.454e-05,1003732.0,1594382399999,24.2680144,3336,510843.0,12.37494556,0
1594382400000,2.461e-05,2.605e-05,2.431e-05,2.491e-05,2152635.0,1594425599999,54.23801851,7128,1205052.0,30.48592115,0
1594425600000,2.491e-05,2.545e-05,2.47e-05,2.529e-05,1296501.0,1594468799999,32.50626308,3835,620756.0,15.57785718,0
1594468800000,2.529e-05,2.59e-05,2.491e-05,2.539e-05,1415520.0,1594511999999,35.87869903,4208,948242.0,24.08689895,0
1594512000000,2.537e-05,2.54e-05,2.46e-05,2.485e-05,483903.0,1594555199999,12.04032508,1327,200457.0,4.99026401,0
1594555200000,2.485e-05,2.489e-05,2.4100000000000006e-05,2.438e-05,651575.0,1594598399999,15.94362379,1650,266890.0,6.54032913,0
1594598400000,2.447e-05,2.459e-05,2.4e-05,2.43e-05,328211.0,1594641599999,7.94794461,998,165267.0,4.0099761,0
1594641600000,2.418e-05,2.469e-05,2.397e-05,2.402e-05,542639.0,1594684799999,13.20564456,1456,207526.0,5.04866938,0
1594684800000,2.402e-05,2.405e-05,2.324e-05,2.354e-05,679249.0,1594727999999,16.02507776,1673,298916.0,7.074126799999998,0
1594728000000,2.354e-05,2.395e-05,2.32e-05,2.356e-05,513667.0,1594771199999,12.07008651,1461,308513.0,7.25849208,0
1594771200000,2.356e-05,2.432e-05,2.353e-05,2.362e-05,881117.0,1594814399999,20.9806161,2106,275083.0,6.56630983,0
1594814400000,2.362e-05,2.389e-05,2.34e-05,2.369e-05,615659.0,1594857599999,14.55296607,1381,242076.0,5.72464104,0
1594857600000,2.378e-05,2.378e-05,2.264e-05,2.3e-05,773382.0,1594900799999,17.87591035,2303,269145.0,6.230059,0
1594900800000,2.3e-05,2.33e-05,2.248e-05,2.319e-05,603231.0,1594943999999,13.84079561,1613,238531.0,5.48995237,0
1594944000000,2.321e-05,2.326e-05,2.252e-05,2.276e-05,690024.0,1594987199999,15.79108262,1405,309495.0,7.08155795,0
1594987200000,2.28e-05,2.346e-05,2.276e-05,2.303e-05,601424.0,1595030399999,13.89954167,1626,259541.0,6.00745102,0
1595030400000,2.313e-05,2.333e-05,2.276e-05,2.321e-05,366658.0,1595073599999,8.42074071,929,152791.0,3.52065307,0
1595073600000,2.321e-05,2.329e-05,2.293e-05,2.305e-05,350019.0,1595116799999,8.07121211,921,176471.0,4.07176937,0
1595116800000,2.305e-05,2.373e-05,2.295e-05,2.324e-05,765273.0,1595159999999,17.91475981,2241,353158.0,8.27322266,0
1595160000000,2.329e-05,2.358e-05,2.305e-05,2.311e-05,338503.0,1595203199999,7.867186500000001,1068,163907.0,3.81450249,0
1595203200000,2.319e-05,2.356e-05,2.29e-05,2.339e-05,1037291.0,1595246399999,23.98247846,2085,476233.0,11.01468808,0
1595246400000,2.339e-05,2.416e-05,2.303e-05,2.368e-05,1549789.0,1595289599999,36.53334921,4801,777388.0,18.35154853,0
1595289600000,2.368e-05,3.1e-05,2.321e-05,2.581e-05,16779197.0,1595332799999,457.37073657,30951,8166458.0,222.63176319,0
1595332800000,2.583e-05,2.635e-05,2.455e-05,2.469e-05,3072828.0,1595375999999,78.03526233,6585,1222803.0,31.11344874,0
1595376000000,2.463e-05,2.543e-05,2.405e-05,2.495e-05,3258882.0,1595419199999,80.8420849,5806,1110311.0,27.51859044,0
1595419200000,2.495e-05,2.511e-05,2.31e-05,2.382e-05,2588533.0,1595462399999,63.11383452,4599,986396.0,24.05229913,0
1595462400000,2.387e-05,2.428e-05,2.345e-05,2.387e-05,950031.0,1595505599999,22.61575692,2378,467714.0,11.15910611,0
1595505600000,2.387e-05,2.387e-05,2.31e-05,2.334e-05,918985.0,1595548799999,21.53027601,1730,393367.0,9.235262,0
1595548800000,2.329e-05,2.431e-05,2.315e-05,2.395e-05,972766.0,1595591999999,23.21040337,2508,565631.0,13.5075651,0
1595592000000,2.395e-05,2.404e-05,2.318e-05,2.352e-05,641069.0,1595635199999,15.07818733,1226,234331.0,5.51008162,0
1595635200000,2.354e-05,2.362e-05,2.318e-05,2.349e-05,397862.0,1595678399999,9.30102434,814,174277.0,4.08236338,0
1595678400000,2.35e-05,2.3800000000000006e-05,2.301e-05,2.308e-05,666801.0,1595721599999,15.56203981,1374,257271.0,6.0211349,0
1595721600000,2.317e-05,2.322e-05,2.058e-05,2.178e-05,1482073.0,1595764799999,32.79510181,3108,578240.0,12.75257197,0
1595764800000,2.17e-05,2.201e-05,2.147e-05,2.193e-05,420797.0,1595807999999,9.14574096,1287,202573.0,4.40865279,0
1595808000000,2.193e-05,2.262e-05,2.05e-05,2.14e-05,1769629.0,1595851199999,38.03069598,4299,941319.0,20.23139533,0
1595851200000,2.136e-05,2.3800000000000006e-05,1.91e-05,1.995e-05,4182681.0,1595894399999,90.57384983,9671,2054462.0,44.63784506,0
1595894400000,2.004e-05,2.178e-05,1.92e-05,2.154e-05,2561297.0,1595937599999,53.89105112,6861,1151656.0,24.15137243,0
1595937600000,2.1600000000000007e-05,2.19e-05,2.041e-05,2.144e-05,1607595.0,1595980799999,34.00024135,4374,866681.0,18.3906269,0
1595980800000,2.146e-05,2.248e-05,2.1e-05,2.131e-05,1476653.0,1596023999999,32.00691458,4432,774164.0,16.81532978,0
1596024000000,2.135e-05,2.198e-05,2.081e-05,2.163e-05,769917.0,1596067199999,16.39322013,2451,446612.0,9.51504269,0
1596067200000,2.163e-05,2.174e-05,2.03e-05,2.07e-05,1204191.0,1596110399999,24.90261959,2844,491216.0,10.17058866,0
1596110400000,2.069e-05,2.082e-05,2.021e-05,2.045e-05,382306.0,1596153599999,7.81765251,1186,162661.0,3.32728632,0
1596153600000,2.046e-05,2.106e-05,2e-05,2.005e-05,569882.0,1596196799999,11.67711958,1860,268693.0,5.52590889,0
1596196800000,2.013e-05,2.035e-05,1.949e-05,1.971e-05,437269.0,1596239999999,8.69822213,1386,213563.0,4.25483043,0
1596240000000,1.972e-05,2.004e-05,1.9e-05,1.938e-05,647478.0,1596283199999,12.56143691,1804,310696.0,6.03335534,0
1596283200000,1.938e-05,1.966e-05,1.885e-05,1.895e-05,940160.0,1596326399999,18.04534917,1734,545520.0,10.44726167,0
1596326400000,1.895e-05,2.08e-05,1.89e-05,1.929e-05,1898072.0,1596369599999,36.97614697,5365,1094167.0,21.31301338,0
1596369600000,1.92e-05,1.99e-05,1.917e-05,1.964e-05,562240.0,1596412799999,11.03497774,1718,313600.0,6.16057215,0
1596412800000,1.973e-05,2.033e-05,1.945e-05,1.993e-05,523373.0,1596455999999,10.36435764,1631,243428.0,4.83493461,0
1596456000000,1.985e-05,1.996e-05,1.904e-05,1.969e-05,556951.0,1596499199999,10.87773984,1307,258654.0,5.05402307,0
1596499200000,1.972e-05,2e-05,1.921e-05,1.945e-05,523356.0,1596542399999,10.21475979,1391,231618.0,4.53765116,0
1596542400000,1.951e-05,1.99e-05,1.947e-05,1.983e-05,478619.0,1596585599999,9.42395853,1044,207081.0,4.07875133,0
1596585600000,1.983e-05,2.015e-05,1.922e-05,1.928e-05,834955.0,1596628799999,16.37875029,1679,325311.0,6.3958393,0
1596628800000,1.926e-05,1.936e-05,1.871e-05,1.903e-05,837633.0,1596671999999,15.94536621,1868,303996.0,5.78800626,0
1596672000000,1.905e-05,1.995e-05,1.889e-05,1.965e-05,1073638.0,1596715199999,20.86062341,2849,572190.0,11.16623513,0
1596715200000,1.96e-05,1.987e-05,1.921e-05,1.986e-05,510269.0,1596758399999,9.95335071,1949,223759.0,4.37093254,0
1596758400000,1.986e-05,2.159e-05,1.972e-05,2.112e-05,3174091.0,1596801599999,65.824968,5947,1603722.0,33.37444745,0
1596801600000,2.108e-05,2.14e-05,2.018e-05,2.14e-05,1217670.0,1596844799999,25.29326969,2883,620187.0,12.92528369,0
1596844800000,2.141e-05,2.171e-05,2.082e-05,2.11e-05,1438410.0,1596887999999,30.46904042,2505,840992.0,17.78565586,0
1596888000000,2.11e-05,2.23e-05,2.094e-05,2.202e-05,897321.0,1596931199999,19.53841529,2717,506165.0,11.02680288,0
1596931200000,2.207e-05,2.339e-05,2.185e-05,2.243e-05,1996370.0,1596974399999,45.29464381,4476,1082381.0,24.59533457,0
1596974400000,2.243e-05,2.258e-05,2.132e-05,2.164e-05,959518.0,1597017599999,20.8564873,2476,334431.0,7.28202631,0
1597017600000,2.179e-05,2.249e-05,2.042e-05,2.14e-05,1692232.0,1597060799999,36.09885879,4277,824652.0,17.74447885,0
1597060800000,2.139e-05,2.191e-05,2.101e-05,2.174e-05,580285.0,1597103999999,12.49309253,1722,272520.0,5.87460745,0
1597104000000,2.173e-05,2.229e-05,2.125e-05,2.137e-05,1356573.0,1597147199999,29.47301117,3141,639732.0,13.94090974,0
1597147200000,2.14e-05,2.161e-05,2.049e-05,2.149e-05,1176791.0,1597190399999,24.78283343,2587,632643.0,13.34157114,0
1597190400000,2.15e-05,2.154e-05,2.032e-05,2.075e-05,1032130.0,1597233599999,21.38321633,2431,389176.0,8.07691458,0
1597233600000,2.075e-05,2.2e-05,2.073e-05,2.165e-05,2160584.0,1597276799999,46.38852892,4390,812670.0,17.49479456,0
1597276800000,2.165e-05,2.189e-05,2.079e-05,2.149e-05,1867213.0,1597319999999,39.73578573,4026,759122.0,16.17692693,0
1597320000000,2.149e-05,2.315e-05,2.102e-05,2.216e-05,5414065.0,1597363199999,119.77573718,8739,2265103.0,50.1568716,0
1597363200000,2.216e-05,2.259e-05,2.17e-05,2.204e-05,1779687.0,1597406399999,39.41648625,3841,849857.0,18.8405062,0
1597406400000,2.204e-05,2.224e-05,2.162e-05,2.183e-05,1364359.0,1597449599999,29.89064022,2074,651041.0,14.25357497,0
1597449600000,2.184e-05,2.266e-05,2.119e-05,2.25e-05,1313268.0,1597492799999,28.5942859,2895,710075.0,15.51273657,0
1597492800000,2.25e-05,2.306e-05,2.182e-05,2.219e-05,1942717.0,1597535999999,43.65679548,4762,985593.0,22.19160349,0
1597536000000,2.225e-05,2.45e-05,2.217e-05,2.306e-05,3012381.0,1597579199999,70.45585753,5857,1530207.0,35.82980650000001,0
1597579200000,2.316e-05,2.393e-05,2.276e-05,2.374e-05,1961255.0,1597622399999,45.78532653,4000,819563.0,19.17869721,0
1597622400000,2.372e-05,2.441e-05,2.317e-05,2.377e-05,1920109.0,1597665599999,45.63112006,4188,843004.0,20.05774089,0
1597665600000,2.377e-05,2.403e-05,2.177e-05,2.215e-05,2437331.0,1597708799999,55.23715193,4463,1387411.0,31.47787034,0
1597708800000,2.222e-05,2.31e-05,2.201e-05,2.221e-05,1061866.0,1597751999999,23.94168551,2320,448663.0,10.15376701,0
1597752000000,2.207e-05,2.27e-05,2.12e-05,2.247e-05,1090734.0,1597795199999,24.11807777,2425,434852.0,9.66373745,0
1597795200000,2.255e-05,2.274e-05,2.102e-05,2.18e-05,1169073.0,1597838399999,25.40496415,2735,604670.0,13.17577341,0
1597838400000,2.177e-05,2.36e-05,2.176e-05,2.335e-05,1283722.0,1597881599999,29.11379416,3407,714221.0,16.20998201,0
1597881600000,2.336e-05,2.93e-05,2.29e-05,2.338e-05,18980878.0,1597924799999,493.00621217,33948,9124795.0,238.14834172,0
1597924800000,2.331e-05,2.394e-05,2.205e-05,2.274e-05,5761545.0,1597967999999,132.33032151,9438,2523920.0,58.08791631,0
1597968000000,2.274e-05,2.275e-05,2.156e-05,2.189e-05,5351365.0,1598011199999,118.42534587,9012,2317670.0,51.3738286,0
1598011200000,2.189e-05,2.204e-05,2.116e-05,2.141e-05,2651331.0,1598054399999,57.37344394,5257,989668.0,21.46423333,0
1598054400000,2.147e-05,2.147e-05,2.035e-05,2.101e-05,1883579.0,1598097599999,39.29073405,3618,758470.0,15.82378407,0
1598097600000,2.101e-05,2.137e-05,2.073e-05,2.121e-05,973585.0,1598140799999,20.42479306,1972,513904.0,10.7950352,0
1598140800000,2.134e-05,2.159e-05,2.061e-05,2.073e-05,764428.0,1598183999999,16.09020642,1926,304480.0,6.42706913,0
1598184000000,2.073e-05,2.098e-05,2.04e-05,2.075e-05,726761.0,1598227199999,15.01587556,1349,369402.0,7.63896301,0
1598227200000,2.075e-05,2.099e-05,2.043e-05,2.064e-05,939880.0,1598270399999,19.39999111,2034,304352.0,6.29947729,0
1598270400000,2.063e-05,2.125e-05,2.055e-05,2.12e-05,965988.0,1598313599999,20.18458241,2103,521070.0,10.90577626,0
1598313600000,2.112e-05,2.139e-05,2.03e-05,2.062e-05,973869.0,1598356799999,20.27249037,2117,332156.0,6.94159086,0
1598356800000,2.062e-05,2.074e-05,2.001e-05,2.018e-05,1127332.0,1598399999999,22.87369141,2383,473789.0,9.64129203,0
1598400000000,2.027e-05,2.068e-05,1.99e-05,2.036e-05,1195044.0,1598443199999,24.16178299,2314,480551.0,9.74624306,0
1598443200000,2.029e-05,2.082e-05,2.002e-05,2.039e-05,1152303.0,1598486399999,23.49221582,2247,559054.0,11.40915759,0
1598486400000,2.031e-05,2.041e-05,1.995e-05,2.008e-05,525946.0,1598529599999,10.63254169,1145,243969.0,4.93758624,0
1598529600000,2.008e-05,2.032e-05,1.967e-05,1.972e-05,934136.0,1598572799999,18.6107688,1928,422678.0,8.43578136,0
1598572800000,1.976e-05,2.017e-05,1.973e-05,2.005e-05,462551.0,1598615999999,9.22891173,953,201159.0,4.01465057,0
1598616000000,2.005e-05,2.057e-05,1.993e-05,2.027e-05,1055847.0,1598659199999,21.37328416,1903,556126.0,11.26732704,0
1598659200000,2.016e-05,2.067e-05,2e-05,2.037e-05,757779.0,1598702399999,15.37262222,1535,311910.0,6.34622328,0
1598702400000,2.037e-05,2.066e-05,2.018e-05,2.056e-05,523191.0,1598745599999,10.67510608,1730,260769.0,5.3340301,0
1598745600000,2.056e-05,2.064e-05,2.019e-05,2.019e-05,458428.0,1598788799999,9.33074938,1058,191646.0,3.90666245,0
1598788800000,2.023e-05,2.037e-05,2.004e-05,2.024e-05,488095.0,1598831999999,9.85111722,1044,212609.0,4.29749938,0
1598832000000,2.024e-05,2.133e-05,2.006e-05,2.114e-05,1358688.0,1598875199999,28.1471974,3388,753158.0,15.6329843,0
1598875200000,2.114e-05,2.124e-05,2.055e-05,2.086e-05,904119.0,1598918399999,18.87799528,2182,434302.0,9.08255604,0
1598918400000,2.083e-05,2.13e-05,1.98e-05,1.996e-05,1541124.0,1598961599999,31.72094568,2670,785974.0,16.17192608,0
1598961600000,1.998e-05,2.027e-05,1.98e-05,2.016e-05,890897.0,1599004799999,17.82498014,2122,460761.0,9.21575309,0
1599004800000,2.012e-05,2.012e-05,1.922e-05,1.952e-05,810029.0,1599047999999,15.91805841,2294,328133.0,6.45261789,0
1599048000000,1.959e-05,1.977e-05,1.911e-05,1.954e-05,755312.0,1599091199999,14.6373297,2139,315037.0,6.11789284,0
1599091200000,1.948e-05,1.966e-05,1.875e-05,1.885e-05,860303.0,1599134399999,16.58084261,2202,392282.0,7.57062918,0
1599134400000,1.879e-05,1.91e-05,1.637e-05,1.714e-05,2288495.0,1599177599999,41.04142671,4538,1045524.0,18.77282063,0
1599177600000,1.713e-05,1.799e-05,1.703e-05,1.763e-05,1045597.0,1599220799999,18.42069079,2408,562109.0,9.91401661,0
1599220800000,1.766e-05,1.823e-05,1.711e-05,1.802e-05,825180.0,1599263999999,14.56182229,1844,460031.0,8.12047554,0
1599264000000,1.805e-05,1.841e-05,1.7100000000000002e-05,1.7100000000000002e-05,445302.0,1599307199999,7.97560048,1409,230334.0,4.14080555,0
1599307200000,1.718e-05,1.744e-05,1.618e-05,1.66e-05,1119245.0,1599350399999,18.85800578,2654,603143.0,10.2192711,0
1599350400000,1.661e-05,1.667e-05,1.565e-05,1.655e-05,828380.0,1599393599999,13.38822443,2069,416585.0,6.72797735,0
1599393600000,1.655e-05,1.753e-05,1.65e-05,1.709e-05,693825.0,1599436799999,11.85727153,1517,394751.0,6.74420902,0
1599436800000,1.7100000000000002e-05,1.852e-05,1.66e-05,1.665e-05,1077026.0,1599479999999,18.82014918,2260,431753.0,7.54827809,0
1599480000000,1.665e-05,1.7100000000000002e-05,1.615e-05,1.688e-05,662528.0,1599523199999,11.09061437,1531,374839.0,6.28916221,0
1599523200000,1.688e-05,1.775e-05,1.658e-05,1.676e-05,1303498.0,1599566399999,22.37499123,2381,633303.0,10.9086343,0
1599566400000,1.677e-05,1.735e-05,1.677e-05,1.707e-05,620822.0,1599609599999,10.58096396,1487,323033.0,5.50736575,0
1599609600000,1.718e-05,1.733e-05,1.692e-05,1.717e-05,313600.0,1599652799999,5.35572485,1017,155872.0,2.6639702,0
1599652800000,1.712e-05,1.776e-05,1.703e-05,1.762e-05,378211.0,1599695999999,6.60808408,1092,219056.0,3.83321137,0
1599696000000,1.768e-05,1.811e-05,1.729e-05,1.741e-05,613415.0,1599739199999,10.83261825,1472,333205.0,5.89394773,0
1599739200000,1.741e-05,1.819e-05,1.741e-05,1.791e-05,732951.0,1599782399999,13.09817694,1656,326143.0,5.82967165,0
1599782400000,1.786e-05,1.796e-05,1.747e-05,1.751e-05,389569.0,1599825599999,6.87511306,858,157003.0,2.7744529,0
1599825600000,1.753e-05,1.972e-05,1.75e-05,1.851e-05,2726251.0,1599868799999,50.89075361,5493,1595970.0,29.79382931,0
1599868800000,1.856e-05,1.88e-05,1.814e-05,1.877e-05,628676.0,1599911999999,11.57342806,1339,257137.0,4.74214441,0
1599912000000,1.877e-05,1.894e-05,1.811e-05,1.834e-05,299817.0,1599955199999,5.52601184,1041,170546.0,3.14637621,0
1599955200000,1.832e-05,1.836e-05,1.737e-05,1.744e-05,528905.0,1599998399999,9.48816943,1204,241642.0,4.34763444,0
1599998400000,1.744e-05,1.769e-05,1.716e-05,1.733e-05,301240.0,1600041599999,5.25406731,800,150211.0,2.62839266,0
1600041600000,1.734e-05,1.769e-05,1.722e-05,1.738e-05,154627.0,1600084799999,2.70149291,703,95331.0,1.66517489,0
1600084800000,1.738e-05,1.749e-05,1.679e-05,1.687e-05,749778.0,1600127999999,12.76132295,1219,429928.0,7.31116286,0
1600128000000,1.686e-05,1.708e-05,1.655e-05,1.66e-05,225591.0,1600171199999,3.79542116,926,89403.0,1.50852614,0
1600171200000,1.66e-05,1.66e-05,1.585e-05,1.586e-05,598311.0,1600214399999,9.66608881,1353,316586.0,5.12919123,0
1600214400000,1.585e-05,1.586e-05,1.508e-05,1.511e-05,575419.0,1600257599999,8.86252244,1188,187915.0,2.89974624,0
1600257600000,1.52e-05,1.557e-05,1.513e-05,1.548e-05,285606.0,1600300799999,4.37261293,828,183952.0,2.8188118,0
1600300800000,1.552e-05,1.586e-05,1.53e-05,1.541e-05,351912.0,1600343999999,5.49214581,746,172756.0,2.70246451,0
1600344000000,1.539e-05,1.558e-05,1.522e-05,1.542e-05,245564.0,1600387199999,3.77513841,664,123396.0,1.89777328,0
1600387200000,1.541e-05,1.661e-05,1.534e-05,1.603e-05,1605284.0,1600430399999,25.7181804,3154,817095.0,13.07507224,0
1600430400000,1.602e-05,1.615e-05,1.556e-05,1.573e-05,788572.0,1600473599999,12.49649777,1854,395927.0,6.27520788,0
1600473600000,1.569e-05,1.6e-05,1.551e-05,1.557e-05,498456.0,1600516799999,7.84642658,1209,230233.0,3.63139184,0
1600516800000,1.561e-05,1.57e-05,1.552e-05,1.558e-05,167756.0,1600559999999,2.61552462,677,83726.0,1.30681156,0
1600560000000,1.561e-05,1.582e-05,1.561e-05,1.578e-05,99973.0,1600603199999,1.5695613000000002,452,49327.0,0.77453382,0
1600603200000,1.577e-05,1.654e-05,1.528e-05,1.63e-05,522173.0,1600646399999,8.25480182,1251,292162.0,4.63186283,0
1600646400000,1.63e-05,1.701e-05,1.462e-05,1.509e-05,1373363.0,1600689599999,22.04806172,2729,741999.0,11.97956759,0
1600689600000,1.504e-05,1.67e-05,1.475e-05,1.648e-05,1748250.0,1600732799999,27.45729529,3947,948299.0,14.87400946,0
1600732800000,1.651e-05,1.678e-05,1.491e-05,1.558e-05,1700906.0,1600775999999,26.53525986,2965,751254.0,11.74048764,0
1600776000000,1.554e-05,1.723e-05,1.521e-05,1.551e-05,2509387.0,1600819199999,39.62051479,6434,1181424.0,18.76196551,0
1600819200000,1.544e-05,1.555e-05,1.497e-05,1.51e-05,352032.0,1600862399999,5.35341394,994,158278.0,2.40826804,0
1600862400000,1.51e-05,1.526e-05,1.374e-05,1.423e-05,1113413.0,1600905599999,15.89946595,2961,488297.0,6.959466,0
1600905600000,1.422e-05,1.44e-05,1.376e-05,1.42e-05,650784.0,1600948799999,9.17325383,1423,232459.0,3.27679518,0
1600948800000,1.419e-05,1.47e-05,1.397e-05,1.422e-05,462209.0,1600991999999,6.54566355,947,217336.0,3.08542767,0
1600992000000,1.418e-05,1.461e-05,1.408e-05,1.425e-05,824321.0,1601035199999,11.811843199999998,1251,348225.0,4.98178392,0
1601035200000,1.425e-05,1.505e-05,1.422e-05,1.473e-05,373612.0,1601078399999,5.44193274,846,200014.0,2.91815726,0
1601078400000,1.473e-05,1.502e-05,1.466e-05,1.494e-05,131347.0,1601121599999,1.94604223,526,81628.0,1.21089071,0
1601121600000,1.5e-05,1.505e-05,1.462e-05,1.474e-05,242942.0,1601164799999,3.59418253,589,104309.0,1.54483035,0
1601164800000,1.476e-05,1.478e-05,1.41e-05,1.432e-05,485751.0,1601207999999,7.04579152,962,307860.0,4.47574885,0
1601208000000,1.432e-05,1.477e-05,1.413e-05,1.449e-05,736801.0,1601251199999,10.59367092,1243,298962.0,4.31107565,0
1601251200000,1.447e-05,1.5e-05,1.437e-05,1.494e-05,747626.0,1601294399999,11.00732511,1429,317346.0,4.68605474,0
1601294400000,1.494e-05,1.537e-05,1.451e-05,1.451e-05,992625.0,1601337599999,14.862237900000002,1661,505971.0,7.5658866,0
1601337600000,1.457e-05,1.484e-05,1.444e-05,1.4499999999999997e-05,961432.0,1601380799999,14.04954743,1180,567948.0,8.30206734,0
1601380800000,1.452e-05,1.46e-05,1.405e-05,1.431e-05,769302.0,1601423999999,10.99843517,1337,387925.0,5.56276472,0
1601424000000,1.436e-05,1.444e-05,1.39e-05,1.413e-05,633369.0,1601467199999,8.95281662,1106,378080.0,5.34289533,0
1601467200000,1.407e-05,1.449e-05,1.403e-05,1.424e-05,453209.0,1601510399999,6.43927706,1023,238753.0,3.40223797,0
1601510400000,1.424e-05,1.44e-05,1.417e-05,1.425e-05,202109.0,1601553599999,2.88967273,459,93212.0,1.33394744,0
1601553600000,1.431e-05,1.455e-05,1.404e-05,1.407e-05,740618.0,1601596799999,10.5609465,1469,421090.0,6.00462113,0
1601596800000,1.408e-05,1.427e-05,1.375e-05,1.39e-05,445789.0,1601639999999,6.2222348,978,204844.0,2.87097213,0
1601640000000,1.388e-05,1.438e-05,1.382e-05,1.438e-05,205632.0,1601683199999,2.8827634,642,107525.0,1.51457218,0
1601683200000,1.4300000000000004e-05,1.51e-05,1.411e-05,1.495e-05,756845.0,1601726399999,11.1456305,1401,269582.0,3.9472719,0
1601726400000,1.495e-05,1.59e-05,1.427e-05,1.436e-05,1927189.0,1601769599999,28.86570394,4315,850691.0,12.80671876,0
1601769600000,1.429e-05,1.479e-05,1.41e-05,1.426e-05,754516.0,1601812799999,10.82221117,1582,412240.0,5.92224336,0
1601812800000,1.424e-05,1.44e-05,1.4e-05,1.409e-05,441231.0,1601855999999,6.24331008,968,191901.0,2.71322406,0
1601856000000,1.409e-05,1.565e-05,1.4e-05,1.545e-05,2433422.0,1601899199999,36.43926102,5152,1742557.0,26.14900545,0
1601899200000,1.541e-05,1.57e-05,1.434e-05,1.462e-05,1078257.0,1601942399999,16.11786675,2739,462407.0,6.93103417,0
1601942400000,1.456e-05,1.472e-05,1.316e-05,1.33e-05,1195302.0,1601985599999,16.66792847,2348,567920.0,7.90489253,0
1601985600000,1.334e-05,1.349e-05,1.255e-05,1.269e-05,623032.0,1602028799999,8.14847553,1403,285742.0,3.74368517,0
1602028800000,1.269e-05,1.294e-05,1.246e-05,1.279e-05,509955.0,1602071999999,6.46090534,970,221512.0,2.8026456000000004,0
1602072000000,1.279e-05,1.319e-05,1.27e-05,1.304e-05,226054.0,1602115199999,2.92397226,506,124371.0,1.61630231,0
1602115200000,1.306e-05,1.309e-05,1.268e-05,1.273e-05,123379.0,1602158399999,1.57921704,338,31468.0,0.40404322,0
1602158400000,1.275e-05,1.315e-05,1.265e-05,1.282e-05,391757.0,1602201599999,5.0635901,796,153608.0,1.9940417,0
1602201600000,1.282e-05,1.306e-05,1.265e-05,1.297e-05,369182.0,1602244799999,4.73752352,775,229750.0,2.9434322,0
1602244800000,1.304e-05,1.357e-05,1.285e-05,1.312e-05,912142.0,1602287999999,12.02474434,1735,427647.0,5.65094125,0
1602288000000,1.312e-05,1.316e-05,1.28e-05,1.296e-05,227670.0,1602331199999,2.94807558,609,85289.0,1.10672497,0
1602331200000,1.29e-05,1.464e-05,1.285e-05,1.351e-05,2025668.0,1602374399999,27.88842795,4316,1080774.0,14.88865909,0
1602374400000,1.356e-05,1.41e-05,1.343e-05,1.374e-05,688975.0,1602417599999,9.44656808,1562,332532.0,4.57017086,0
1602417600000,1.373e-05,1.391e-05,1.362e-05,1.373e-05,285975.0,1602460799999,3.93614109,750,143968.0,1.98488965,0
1602460800000,1.379e-05,1.409e-05,1.3699999999999998e-05,1.403e-05,296602.0,1602503999999,4.1407734,648,171700.0,2.39959754,0
1602504000000,1.403e-05,1.408e-05,1.34e-05,1.376e-05,393873.0,1602547199999,5.42535705,993,170375.0,2.34581901,0
1602547200000,1.374e-05,1.385e-05,1.355e-05,1.371e-05,344908.0,1602590399999,4.73021177,700,109796.0,1.50982532,0
1602590400000,1.3699999999999998e-05,1.371e-05,1.314e-05,1.358e-05,416653.0,1602633599999,5.59771624,1093,222494.0,2.99438007,0
1602633600000,1.358e-05,1.369e-05,1.325e-05,1.342e-05,193986.0,1602676799999,2.61063609,602,104472.0,1.40718783,0
1602676800000,1.337e-05,1.347e-05,1.3e-05,1.312e-05,133066.0,1602719999999,1.7520557,516,57243.0,0.75265451,0
1602720000000,1.314e-05,1.346e-05,1.303e-05,1.313e-05,208691.0,1602763199999,2.75845074,598,101831.0,1.34726537,0
1602763200000,1.313e-05,1.365e-05,1.305e-05,1.345e-05,248434.0,1602806399999,3.33004115,760,101889.0,1.36835171,0
1602806400000,1.338e-05,1.386e-05,1.306e-05,1.344e-05,318980.0,1602849599999,4.32768767,638,137254.0,1.8579033,0
1602849600000,1.344e-05,1.347e-05,1.315e-05,1.323e-05,65145.0,1602892799999,0.8659562,335,21361.0,0.28443371,0
1602892800000,1.33e-05,1.335e-05,1.313e-05,1.319e-05,97807.0,1602935999999,1.29099584,348,30255.0,0.3996082,0
1602936000000,1.32e-05,1.329e-05,1.308e-05,1.31e-05,88002.0,1602979199999,1.16017281,358,57260.0,0.75660646,0
1602979200000,1.309e-05,1.333e-05,1.302e-05,1.312e-05,107190.0,1603022399999,1.41444611,433,61086.0,0.807335,0
1603022400000,1.312e-05,1.401e-05,1.3e-05,1.305e-05,752425.0,1603065599999,10.16902015,1064,537512.0,7.32305939,0
1603065600000,1.305e-05,1.312e-05,1.279e-05,1.294e-05,135861.0,1603108799999,1.75101459,335,68568.0,0.88135456,0
1603108800000,1.289e-05,1.294e-05,1.258e-05,1.262e-05,136651.0,1603151999999,1.73948496,384,68922.0,0.87700464,0
1603152000000,1.262e-05,1.271e-05,1.178e-05,1.182e-05,517329.0,1603195199999,6.34368967,807,174404.0,2.13435497,0
1603195200000,1.182e-05,1.191e-05,1.139e-05,1.159e-05,163674.0,1603238399999,1.90034742,466,86232.0,1.00256023,0
1603238400000,1.154e-05,1.171e-05,1.146e-05,1.151e-05,98768.0,1603281599999,1.14336022,366,56412.0,0.65450075,0
1603281600000,1.153e-05,1.154e-05,1.0800000000000003e-05,1.111e-05,300630.0,1603324799999,3.34906505,782,160088.0,1.78425281,0
1603324800000,1.112e-05,1.141e-05,1.106e-05,1.124e-05,160795.0,1603367999999,1.80355679,357,57522.0,0.64515897,0
1603368000000,1.124e-05,1.146e-05,1.1e-05,1.102e-05,197375.0,1603411199999,2.21221767,413,68964.0,0.77162573,0
1603411200000,1.106e-05,1.145e-05,1.103e-05,1.127e-05,723422.0,1603454399999,8.15145692,915,552670.0,6.2286014000000005,0
1603454400000,1.129e-05,1.133e-05,1.113e-05,1.123e-05,328401.0,1603497599999,3.68799884,614,209227.0,2.35042656,0
1603497600000,1.125e-05,1.138e-05,1.112e-05,1.122e-05,211864.0,1603540799999,2.37209641,534,109691.0,1.22959309,0
1603540800000,1.122e-05,1.135e-05,1.104e-05,1.11e-05,227957.0,1603583999999,2.5481103,577,116774.0,1.30695917,0
1603584000000,1.115e-05,1.137e-05,1.091e-05,1.102e-05,239317.0,1603627199999,2.65018639,675,124574.0,1.38469001,0
1603627200000,1.102e-05,1.107e-05,1.088e-05,1.091e-05,91550.0,1603670399999,1.00255361,260,39743.0,0.43629285,0
1603670400000,1.091e-05,1.108e-05,1.073e-05,1.083e-05,272549.0,1603713599999,2.96413426,536,123791.0,1.34974968,0
1603713600000,1.082e-05,1.085e-05,1.048e-05,1.063e-05,393922.0,1603756799999,4.19765128,1168,181289.0,1.93758763,0
1603756800000,1.063e-05,1.063e-05,1.003e-05,1.008e-05,248459.0,1603799999999,2.55624979,791,112248.0,1.15715309,0
1603800000000,1.007e-05,1.025e-05,9.74e-06,9.9e-06,485329.0,1603843199999,4.81337291,1185,181925.0,1.80731278,0
1603843200000,9.91e-06,9.92e-06,9.22e-06,9.41e-06,680626.0,1603886399999,6.4952053,2885,256535.0,2.44289376,0
1603886400000,9.42e-06,9.67e-06,9.29e-06,9.46e-06,355950.0,1603929599999,3.37022168,1014,154755.0,1.46997894,0
1603929600000,9.45e-06,9.62e-06,9.34e-06,9.5e-06,361704.0,1603972799999,3.42510009,733,142403.0,1.35188287,0
1603972800000,9.53e-06,9.6e-06,9.06e-06,9.19e-06,313572.0,1604015999999,2.9129789,742,150827.0,1.40658704,0
1604016000000,9.2e-06,9.2e-06,8.54e-06,8.66e-06,531490.0,1604059199999,4.72135242,892,276990.0,2.4795357000000005,0
1604059200000,8.67e-06,8.79e-06,8.400000000000001e-06,8.54e-06,339885.0,1604102399999,2.90882563,856,109135.0,0.93606854,0
1604102400000,8.56e-06,8.67e-06,8.28e-06,8.43e-06,359979.0,1604145599999,3.04268231,860,208457.0,1.76090368,0
1604145600000,8.400000000000001e-06,8.63e-06,8.36e-06,8.58e-06,345883.0,1604188799999,2.94619701,701,259146.0,2.20844636,0
1604188800000,8.58e-06,8.85e-06,8.51e-06,8.63e-06,337272.0,1604231999999,2.92981291,1035,208496.0,1.81261205,0
1604232000000,8.62e-06,8.71e-06,8.51e-06,8.56e-06,198076.0,1604275199999,1.69846729,510,99540.0,0.85420512,0
1604275200000,8.56e-06,8.68e-06,8.43e-06,8.48e-06,260013.0,1604318399999,2.22068299,580,120429.0,1.03114467,0
1604318400000,8.47e-06,8.54e-06,8.22e-06,8.28e-06,280764.0,1604361599999,2.3503202,680,104785.0,0.8765405000000001,0
1604361600000,8.28e-06,8.38e-06,7.99e-06,8.16e-06,286272.0,1604404799999,2.33660146,940,167850.0,1.37448677,0
1604404800000,8.16e-06,8.36e-06,7.93e-06,8e-06,191124.0,1604447999999,1.55357469,835,102984.0,0.83882502,0
1604448000000,7.99e-06,8.08e-06,7.82e-06,7.97e-06,180986.0,1604491199999,1.44626577,534,69568.0,0.55600338,0
1604491200000,7.97e-06,8.11e-06,7.82e-06,7.92e-06,228690.0,1604534399999,1.82213932,649,116442.0,0.93008308,0
1604534400000,7.89e-06,7.99e-06,7.43e-06,7.44e-06,250175.0,1604577599999,1.93007879,590,120602.0,0.93208757,0
1604577600000,7.44e-06,7.63e-06,7.1e-06,7.15e-06,673413.0,1604620799999,4.92540191,1056,388641.0,2.82512064,0
1604620800000,7.15e-06,7.63e-06,7.09e-06,7.6e-06,648004.0,1604663999999,4.76898073,1401,297850.0,2.19858791,0
1604664000000,7.61e-06,7.83e-06,7.53e-06,7.65e-06,417879.0,1604707199999,3.20290238,1299,225327.0,1.73041903,0
1604707200000,7.68e-06,7.89e-06,7.64e-06,7.83e-06,274097.0,1604750399999,2.13356283,831,129188.0,1.00739125,0
1604750400000,7.83e-06,8e-06,7.48e-06,7.64e-06,594217.0,1604793599999,4.56557519,1448,320096.0,2.47106064,0
1604793600000,7.62e-06,7.85e-06,7.58e-06,7.71e-06,250667.0,1604836799999,1.92899736,675,143292.0,1.10390984,0
1604836800000,7.69e-06,7.79e-06,7.43e-06,7.59e-06,688942.0,1604879999999,5.20674839,1330,300977.0,2.27613577,0
1604880000000,7.59e-06,7.72e-06,7.41e-06,7.48e-06,312988.0,1604923199999,2.36789508,767,167609.0,1.27045793,0
1604923200000,7.49e-06,7.61e-06,7.29e-06,7.59e-06,694178.0,1604966399999,5.19145027,1409,301267.0,2.25997635,0
1604966400000,7.59e-06,7.8e-06,7.52e-06,7.74e-06,671276.0,1605009599999,5.12356758,1186,340350.0,2.60416179,0
1605009600000,7.75e-06,8.25e-06,7.68e-06,7.83e-06,708490.0,1605052799999,5.58227069,1514,346374.0,2.73528674,0
1605052800000,7.84e-06,7.95e-06,7.699999999999999e-06,7.81e-06,668496.0,1605095999999,5.21311483,1073,388193.0,3.02804802,0
1605096000000,7.8e-06,8.27e-06,7.73e-06,7.88e-06,818843.0,1605139199999,6.52564136,1585,451942.0,3.59564625,0
1605139200000,7.9e-06,8.45e-06,7.76e-06,8.32e-06,1102730.0,1605182399999,9.0196779,2358,559498.0,4.58069674,0
1605182400000,8.36e-06,9.14e-06,7.699999999999999e-06,7.84e-06,2231651.0,1605225599999,18.55350732,4823,1093910.0,9.09405359,0
1605225600000,7.83e-06,7.87e-06,7.49e-06,7.84e-06,785734.0,1605268799999,5.99920506,1876,397669.0,3.03807756,0
1605268800000,7.85e-06,8.03e-06,7.71e-06,7.89e-06,635761.0,1605311999999,4.98912851,1278,329084.0,2.58845774,0
1605312000000,7.86e-06,7.95e-06,7.74e-06,7.76e-06,317135.0,1605355199999,2.48935949,610,137556.0,1.08070372,0
1605355200000,7.78e-06,7.82e-06,7.64e-06,7.68e-06,181914.0,1605398399999,1.40810621,376,65165.0,0.50527924,0
1605398400000,7.699999999999999e-06,7.8e-06,7.65e-06,7.68e-06,96121.0,1605441599999,0.74271934,411,59272.0,0.45797821,0
1605441600000,7.68e-06,7.77e-06,7.46e-06,7.54e-06,238528.0,1605484799999,1.81625602,559,151924.0,1.15817885,0
1605484800000,7.54e-06,8.36e-06,7.53e-06,7.79e-06,1723313.0,1605527999999,13.6326813,4692,795030.0,6.28899237,0
1605528000000,7.79e-06,7.79e-06,7.31e-06,7.61e-06,764172.0,1605571199999,5.74728747,1128,378437.0,2.85301102,0
1605571200000,7.56e-06,7.6e-06,7.26e-06,7.28e-06,490372.0,1605614399999,3.64937243,1030,184806.0,1.37990125,0
1605614400000,7.32e-06,7.48e-06,6.86e-06,6.900000000000002e-06,932607.0,1605657599999,6.61581101,1216,497500.0,3.52390072,0
1605657600000,6.91e-06,7.16e-06,6.52e-06,6.71e-06,864764.0,1605700799999,5.92514008,1400,491017.0,3.37429661,0
1605700800000,6.71e-06,6.94e-06,6.62e-06,6.88e-06,238371.0,1605743999999,1.61220109,746,131097.0,0.88971077,0
1605744000000,6.89e-06,6.95e-06,6.62e-06,6.73e-06,394990.0,1605787199999,2.65899548,624,165348.0,1.11704851,0
1605787200000,6.73e-06,6.78e-06,6.6e-06,6.64e-06,396915.0,1605830399999,2.64882444,618,164508.0,1.09921614,0
1605830400000,6.64e-06,7.08e-06,6.6e-06,6.81e-06,542687.0,1605873599999,3.69416387,1295,234339.0,1.59688067,0
1605873600000,6.83e-06,6.86e-06,6.57e-06,6.65e-06,537541.0,1605916799999,3.59093297,696,275300.0,1.84336959,0
1605916800000,6.66e-06,6.95e-06,6.53e-06,6.69e-06,695814.0,1605959999999,4.60846517,1003,310698.0,2.06552759,0
1605960000000,6.69e-06,7.18e-06,6.64e-06,6.97e-06,766952.0,1606003199999,5.28188366,1448,335889.0,2.32204046,0
1606003200000,6.98e-06,7.07e-06,6.74e-06,6.8e-06,599254.0,1606046399999,4.1244121,1241,266624.0,1.84061756,0
1606046400000,6.77e-06,7.03e-06,6.73e-06,6.8e-06,449789.0,1606089599999,3.07042084,788,213209.0,1.46090149,0
1606089600000,6.82e-06,7.06e-06,6.65e-06,6.98e-06,1456403.0,1606132799999,10.00660519,1620,671524.0,4.62310678,0
1606132800000,7.01e-06,7.21e-06,6.78e-06,7.12e-06,1202676.0,1606175999999,8.41714005,2220,541783.0,3.79814998,0
1606176000000,7.16e-06,7.41e-06,6.65e-06,6.8e-06,2826098.0,1606219199999,19.89068733,4085,1426419.0,9.95658511,0
1606219200000,6.8e-06,7.1e-06,6.54e-06,6.94e-06,1295687.0,1606262399999,8.86554347,2486,618710.0,4.24895925,0
1606262400000,6.95e-06,7.35e-06,6.94e-06,7.25e-06,1023587.0,1606305599999,7.31854114,2274,509468.0,3.64181074,0
1606305600000,7.24e-06,7.86e-06,7.06e-06,7.32e-06,2092365.0,1606348799999,15.68506049,3716,976137.0,7.36139772,0
1606348800000,7.32e-06,8.39e-06,6.84e-06,7.09e-06,3397004.0,1606391999999,25.46877364,6867,1404026.0,10.58356885,0
1606392000000,7.06e-06,7.34e-06,6.94e-06,7.12e-06,1064597.0,1606435199999,7.57789343,2445,553549.0,3.95562216,0
1606435200000,7.13e-06,7.26e-06,6.96e-06,6.98e-06,780405.0,1606478399999,5.55402326,2317,348920.0,2.48862524,0
1606478400000,7.000000000000002e-06,7.04e-06,6.45e-06,6.97e-06,1477921.0,1606521599999,10.08069716,1526,743855.0,5.0455329,0
1606521600000,6.99e-06,7.01e-06,6.87e-06,7.01e-06,262004.0,1606564799999,1.81860868,596,135443.0,0.94283887,0
1606564800000,7.01e-06,7.09e-06,6.84e-06,6.93e-06,445514.0,1606607999999,3.09368285,804,221653.0,1.54069585,0
1606608000000,6.89e-06,7.000000000000002e-06,6.65e-06,6.72e-06,841991.0,1606651199999,5.71610428,938,590258.0,4.01129656,0
1606651200000,6.73e-06,6.87e-06,6.53e-06,6.67e-06,276908.0,1606694399999,1.84192484,705,132238.0,0.88194907,0
1606694400000,6.66e-06,6.7e-06,6.47e-06,6.58e-06,347582.0,1606737599999,2.28318322,591,134135.0,0.88443882,0
1606737600000,6.58e-06,6.79e-06,6.23e-06,6.32e-06,485465.0,1606780799999,3.1165086,1135,255316.0,1.64167069,0
1606780800000,6.32e-06,6.75e-06,6.28e-06,6.5e-06,729715.0,1606823999999,4.74824803,1445,275366.0,1.79277347,0
